- Le Temps des Glucides - Emmanuelle Auras : <a href="mailto:ltdglucides@gmail.com">ltdglucides@gmail.com</a> - <a href="http://www.letempsdesglucides.com">http://www.letempsdesglucides.com</a><br />- <a href="http://leblog.letempsdesglucides.com">http://leblog.letempsdesglucides.com</a>	76509.htm	292
FSI - Bernard d'Oriano - email : <a href="mailto:bdo@fsinet.fr">bdo@fsinet.fr</a> - <a href="http://www.fsinet.fr">http://www.fsinet.fr</a>	76507.htm	292
TLD - <a href="http://www.tld-gse.com">http://www.tld-gse.com</a>	72933.htm	280
Agrene - Claude Alabouvette - email : <a href="mailto:a.ala@agrene.fr">a.ala@agrene.fr</a> - <a href="http://www.agrene.fr">http://www.agrene.fr</a>	68643.htm	265
Lara Spiral - Michel Prost - email : <a href="mailto:michelprost.spiral@wanadoo.fr">michelprost.spiral@wanadoo.fr</a>	76511.htm	292
- EC6 - Eric Commelin - email : <a href="mailto:e.commelin@ec6.fr">e.commelin@ec6.fr</a><br />- Nu-Age - <a href="http://www.nu-age.eu">http://www.nu-age.eu</a>/	74749.htm	287
- Congrès des Ingénieurs Arts et Métiers - <a href="http://www.artsetmetiers2013.gadz.org/Accueil/Inscriptions">http://www.artsetmetiers2013.gadz.org/Accueil/Inscriptions</a><br />- Société des Ingénieurs Arts et Métiers - Francis Compagnon : tél. : + 33 (0)1 40 69 27 57 email : <a href="mailto:francis.compagnon@arts-et-metiers.asso.fr">francis.compagnon@arts-et-metiers.asso.fr</a>	73882.htm	284
Global Sensing Technologies - Xavier Bruneau - email : <a href="mailto:xavier.bruneau@globalsensing.eu">xavier.bruneau@globalsensing.eu</a> - <a href="http://www.globalsensing.eu">http://www.globalsensing.eu</a>	73879.htm	284
INP Toulouse - Florence Lauriac - tél. : +33 (0)5 34 32 31 36 - email : <a href="mailto:florence.lauriac@inp-toulouse.fr">florence.lauriac@inp-toulouse.fr</a>	71362.htm	274
Centre d'Océanologie de Marseille - Christian Tamburini : tél. : + 33 (0)4 91 82 90 53 - email : <a href="mailto:christian.tamburini@univ-amu.fr">christian.tamburini@univ-amu.fr</a>	73688.htm	283
IN2P3 - Laboratoire Leprince-Ringuet - Bruno Khélifi : tél. : +33 (0)1 69 33 55 73 email : <a href="mailto:khelifi@llr.in2p3.fr">khelifi@llr.in2p3.fr</a>	73186.htm	281
EDEN - Thierry Regond : tél. : +33 (0)4 72 08 12 12 email : <a href="mailto:tregond@sunaero.com">tregond@sunaero.com</a> - <a href="http://www.eden-defense-cluster.com">http://www.eden-defense-cluster.com</a>	67553.htm	260
Optics Valley - Eric Lambouroud : tél. : +33 (0)1 69 31 75 02 - email : <a href="mailto:e.lambouroud@opticsvalley.org">e.lambouroud@opticsvalley.org</a>	68641.htm	265
Aquitaine Science Transfert - Claire Moras : tél. : +33 (0)5 56 46 20 73 email : <a href="mailto:c.moras@ast-innovations.com">c.moras@ast-innovations.com</a> - <a href="http://www.ast-innovations.com">http://www.ast-innovations.com</a>	72117.htm	277
ENSAIT - Matthieu Nicolas - tél. : +33 (0)3 20 25 64 80 - email : <a href="mailto:matthieu.nicolas@ensait.fr">matthieu.nicolas@ensait.fr</a>	71361.htm	274
NucAdvisor - Alain Bugat - email : <a href="mailto:alain.bugat@nucadvisor.com">alain.bugat@nucadvisor.com</a> - <a href="http://www.nucadvisor.com">http://www.nucadvisor.com</a>	72629.htm	279
Thales Université - Design Center - Didier Boulet : tél. : 06 77 48 28 90 - email : <a href="mailto:didier.boulet@thalesgroup.com">didier.boulet@thalesgroup.com</a>	75788.htm	290
Arts et Métiers ParisTech - Aurore Tixier : tél. : +33 (0)1 44 24 64 35 email : <a href="mailto:aurore.tixier@ensam.fr">aurore.tixier@ensam.fr</a>	70923.htm	273
CNRS - Elsa Champion : tél. : +33 (0)1 44 96 43 90 - email : <a href="mailto:elsa.champion@cnrs-dir.fr">elsa.champion@cnrs-dir.fr</a>	67937.htm	262
ENSAM - Aurore Tixier : tél. : +33 (0)1 44 24 64 35 email : <a href="mailto:aurore.tixier@ensam.eu">aurore.tixier@ensam.eu</a>	75457.htm	289
INRA/Jouy-en-Josas - S. Dusko Ehrlich - email : <a href="mailto:dusko.ehrlich@jouy.inra.fr">dusko.ehrlich@jouy.inra.fr</a>	73432.htm	282
AgroParisTech - Gilles Trystram - email : <a href="mailto:gilles.trystram@agroparistech.fr">gilles.trystram@agroparistech.fr</a>	67795.htm	261
- Hugo Niccolaï - email : <a href="mailto:hugo.niccolai@gmail.com">hugo.niccolai@gmail.com</a><br />- Planet'Etudiants - <a href="http://www.planetetudiants.org">http://www.planetetudiants.org</a>	73185.htm	281
Pôle PASS : <a href="http://www.pole-pass.fr">http://www.pole-pass.fr</a>	71845.htm	276
UPMC - Claire de Thoisy-Méchin : tél. : +33 (0)1 44 27 23 34 - email : <a href="mailto:claire.de_thoisy-mechin@upmc.fr">claire.de_thoisy-mechin@upmc.fr</a>	68277.htm	263
Safran - <a href="http://www.safran-group.com">http://www.safran-group.com</a>	71615.htm	275
- PCD - <a href="http://www.pcd-congress.com/fr">http://www.pcd-congress.com/fr</a>/<br />- Aerosol et Dispensing Forum - <a href="http://www.aerosol-forum.com/fr">http://www.aerosol-forum.com/fr</a>/	72120.htm	277
Institut Jacques Monod - Terence Strick : tél. : + 33 (0)1 57 27 80 20 email : <a href="mailto:strick.terence@ijm.univ-paris-diderot.fr">strick.terence@ijm.univ-paris-diderot.fr</a>	70922.htm	273
CEA - Philippe Gravez : tél + 33 (0)1 46 54 81 01 - email : <a href="mailto:philippe.gravez@cea.fr">philippe.gravez@cea.fr</a>	70421.htm	271
IPCMS - Guillaume Schull : tél. : +33 (0)3 88 10 70 24/22 - email : <a href="mailto:shull@ipcms.unistra.fr">shull@ipcms.unistra.fr</a>	75070.htm	288
Ilsa - Emmanuel Beuffe - email : <a href="mailto:e.beuffe@ilsa-france.com">e.beuffe@ilsa-france.com</a>	74455.htm	286
BIVB - Jean-Philippe Gervais - email : <a href="mailto:jean-philippe.gervais@bivb.com">jean-philippe.gervais@bivb.com</a>	73877.htm	284
Biophytis - <a href="http://www.biophytis.com">http://www.biophytis.com</a>	71360.htm	274
- Arts et Métiers ParisTech :<br />* Aurore Tixier : tél. : +33 (0)1 44 24 64 35 - email : <a href="mailto:aurore.tixier@ensam.eu">aurore.tixier@ensam.eu</a><br />* Rizlene Bouchemoua - email : <a href="mailto:rizlene.bouchemoua@ensam.eu">rizlene.bouchemoua@ensam.eu</a><br />- American Friends of Arts et Métiers ParisTech (AFAM) : <a href="http://www.americanfriendsam.org">http://www.americanfriendsam.org</a>/	70422.htm	271
Vitagora - Marthe Jewell : tél. : +33 (0)3 80 78 97 92 email : <a href="mailto:marthe.jewell@vitagora.com">marthe.jewell@vitagora.com</a>	76209.htm	291
- Connexions RetD : www.connexions-rd.com<br />- Cosmetic Valley : Caroline Crabbe - email : <a href="mailto:carolinecrabbe@wanadoo.fr">carolinecrabbe@wanadoo.fr</a> - www.cosmetic-valley.com	67946.htm	262
INRA/Dijon - Christophe Salon - email : <a href="mailto:christophe.salon@dijon.inra.fr">christophe.salon@dijon.inra.fr</a>	69817.htm	269
Colloque International 'Changement climatique : impacts et adaptation' : <a href="http://www.smf.asso.fr/fim11_pro_colloque.htm">http://www.smf.asso.fr/fim11_pro_colloque.htm</a>/	67803.htm	261
- Sporaltec - Séverine Sabot : tél. : + 33 (0)4 77 30 00 31 email : <a href="mailto:severine.sabot@sporaltec.fr">severine.sabot@sporaltec.fr</a><br />- Raid Innovation - Fanny Siffet - email : <a href="mailto:raidinnovation@sporaltec.fr">raidinnovation@sporaltec.fr</a>	76212.htm	291
Enterome - <a href="http://www.enterome.com">http://www.enterome.com</a>	69815.htm	269
CNES - Julien Watelet : tél. : +33 (0)1 44 76 78 37 - email : <a href="mailto:julien.watelet@cnes.fr">julien.watelet@cnes.fr</a>	70424.htm	271	73434.htm	282
Université Lyon 1 - Lydéric Bocquet : tél. : +33 (0)4 72 44 82 53 - email : <a href="mailto:lyderic.bocquet@univ-lyon1.fr">lyderic.bocquet@univ-lyon1.fr</a>	72397.htm	278
Colloque OPALINE - email : <a href="mailto:congres.opaline@vitagora.com">congres.opaline@vitagora.com</a>	70428.htm	271
CSGA - Jordi Ballester - email : <a href="mailto:jordi.ballester@u-bourgogne.fr">jordi.ballester@u-bourgogne.fr</a>	76206.htm	291
INRA/Dijon - Lionel Ranjard - email : <a href="mailto:lionel.ranjard@dijon.inra.fr">lionel.ranjard@dijon.inra.fr</a>	69812.htm	269
DisaSolar - tél. : +33 (0)5 55 30 00 50 email : <a href="mailto:sales@disasolar.fr">sales@disasolar.fr</a> - <a href="http://www.disasolar.fr">http://www.disasolar.fr</a>	72114.htm	277
Laboratoire des Sciences du Climat et de l'Environnement (lSCE) - Robert Vautard : tél. : +33 (0)1 69 08 26 40 - email : <a href="mailto:robert.vautard@lsce.ipsl.fr">robert.vautard@lsce.ipsl.fr</a>	68645.htm	265
- PACEA - Hélène Coqueugniot : tél. : + 33 (0)5 40 00 37 43 - email : <a href="mailto:h.coqueugniot@pacea.u-bordeaux1.fr">h.coqueugniot@pacea.u-bordeaux1.fr</a><br />- Vircopal - <a href="http://vircopal.fr">http://vircopal.fr</a>	73431.htm	282
Institut Henri Poincaré (IHP) - Sylviane Bellorini, Assistante de direction : tél. : +33 (0)1 44 27 67 92 - email : <a href="mailto:sylviane.bellorini@ihp.fr">sylviane.bellorini@ihp.fr</a> - <a href="http://www.ihp.fr">http://www.ihp.fr</a>	71835.htm	276
- Association des Centraliens : Grace Ferreira, responsable communication : tél. : +33 (0)1 56 43 68 04 - email : <a href="mailto:grace.ferreira@centraliens.net">grace.ferreira@centraliens.net</a> - <a href="http://www.centraliens.net">http://www.centraliens.net</a><br />- Armand Colin Editeur : <a href="http://www.armand-colin.com">http://www.armand-colin.com</a>	68383.htm	264
- Inserm - Unité 781 'Génétique et épigénétique des maladies métaboliques, neurosensorielles et du développement - Laurence Colleaux : tél. : +33 (0)1 44 49 51 52<br />- Unité mixte 'Institut de génétique et de biologie moléculaire et cellulaire' - Jean-Marc Egly : tél. : +33 (O)6 73 98 19 38	67556.htm	260
Laboratoire d'Enzymologie et Biochimie Structurales - Ronald Melki : tél. : + 33 (0)1 69 82 35 03 - email : <a href="mailto:ronald.melki@lebs.cnrs-gif.fr">ronald.melki@lebs.cnrs-gif.fr</a>	74173.htm	285
Hydro 21 - <a href="http://www.hydro21.org/colloque2012">http://www.hydro21.org/colloque2012</a>/	71363.htm	274
- OMNT - <a href="http://omnt.congres-scientifique.com/decembre2013">http://omnt.congres-scientifique.com/decembre2013</a>/<br />- Nicolas Brefuel - email : <a href="mailto:nicolas.brefuel@cea.fr">nicolas.brefuel@cea.fr</a>	74174.htm	285
- INRA/Tours : Thierry Pineau, Chef du Département Santé Animale : tél. : +33 (0)2 47 42 77 75 - email : <a href="mailto:sa@tours.inra.fr">sa@tours.inra.fr</a><br />- NewVectys : <a href="http://www.newvectys.com">http://www.newvectys.com</a>	68384.htm	264
Ifremer - Marion Le Foll : tél. : + 33 (0)1 46 38 22 40/42 - email : <a href="mailto:marion.le.foll@ifremer.fr">marion.le.foll@ifremer.fr</a>	73433.htm	282
Sofradir : <a href="http://www.sofradir.com">http://www.sofradir.com</a>	71839.htm	276
CHU de Dijon - Virginie Van Wymelbeke - email : <a href="mailto:virginie.vanwymelbeke@chu-dijon.fr">virginie.vanwymelbeke@chu-dijon.fr</a>	74449.htm	286
- Séminaire Technique et marché EMM1013 - <a href="http://www.mp-i.fr/mecatronic/emm2013">http://www.mp-i.fr/mecatronic/emm2013</a>/<br />- Bourse technologique B.E. Mechatronics Connected - <a href="http://www.mp-i.fr/mecatronic/bemechatronics">http://www.mp-i.fr/mecatronic/bemechatronics</a>/<br />- Convention d'affaires Robotics Meetings - <a href="http://www.mp-i.fr/mecatronic/roboticsmeetings">http://www.mp-i.fr/mecatronic/roboticsmeetings</a>/<br />- Conférence Européenne du programme de recherche sur l'automobile ARTEMIS - <a href="http://www.mp-i.fr/mecatronic/artemis">http://www.mp-i.fr/mecatronic/artemis</a>/	73884.htm	284
Université de Corse - Philippe Poggi - email : <a href="mailto:philippe.poggi@univ-corse.fr">philippe.poggi@univ-corse.fr</a>	68884.htm	266
- Ecole Polytechnique - Claire Lenz : tél. : +33 (0)1 69 33 38 70 - email : <a href="mailto:claire.lenz@polytechnique.edu">claire.lenz@polytechnique.edu</a><br />- A lire également : IZEST : vers des lasers les plus puissants du monde, BE France 265, décembre 2011 : <a href="http://www.bulletins-electroniques.com/actualites/68638.htm">http://www.bulletins-electroniques.com/actualites/68638.htm</a>	72934.htm	280
Ecole Centrale Paris - Alexandrine Urbain : tél. : +33 (0)1 41 13 13 10 - email : <a href="mailto:alexandrine.urbain@ecp.fr">alexandrine.urbain@ecp.fr</a>	68888.htm	266	70426.htm	271
Karine Wallois - tél. +33 (0)3 62 72 61 51 - email : <a href="mailto:internationalforum@ceti.com">internationalforum@ceti.com</a>	70751.htm	272
Centre des Sciences du Goût et de l'Alimentation (CSGA) - Sylvie Issanchou - email : <a href="mailto:sylvie.issanchou@dijon.inra.fr">sylvie.issanchou@dijon.inra.fr</a>	67555.htm	260
LAAS - Guilhem Larrieu : tél. : +33 (0)5 61 33 79 84 - email : <a href="mailto:guilhem.larrieu@laas.fr">guilhem.larrieu@laas.fr</a>	72635.htm	279
ESPCI - Ludwik Leibler : tél. : +33 (0)1 40 79 51 25 - email : <a href="mailto:ludwik.leibler@espci.fr">ludwik.leibler@espci.fr</a>	68280.htm	263
ESIEE Paris - <a href="http://www.esiee.fr">http://www.esiee.fr</a>	75071.htm	288
Région Auvergne - Zakia Douakha : tél. : + 33 (0)4 73 31 93 58 - email : <a href="mailto:presse@cr-auvergne.fr">presse@cr-auvergne.fr</a>	73687.htm	283
Arkamys - Jean-Michel Raczinski - email : <a href="mailto:jmraczinski@arkamys.com">jmraczinski@arkamys.com</a> - <a href="http://www.arkamys.com">http://www.arkamys.com</a>	76508.htm	292
BioAlliance Pharma - Judith Greciet - email : <a href="mailto:judith.greciet@bioalliancepharma.com">judith.greciet@bioalliancepharma.com</a> - <a href="http://www.bioalliancepharma.com">http://www.bioalliancepharma.com</a>	75065.htm	288
Laboratoire de Chimie Agro-Industrielle - Gérard Vilarem : tél. : +33 (0)5 34 32 35 40/49 - email : <a href="mailto:gerard.vilarem@ensiacet.fr">gerard.vilarem@ensiacet.fr</a>	72630.htm	279
Trustinsoft - Fabrice Derepas - email : <a href="mailto:fabrice.derepas@trust-in-soft.com">fabrice.derepas@trust-in-soft.com</a> - <a href="http://trust-in-soft.com">http://trust-in-soft.com</a>	76207.htm	291
- Editions Quae : httlp://www.quae.com<br />- INRA - Unité ALISS - Louis-Georges Soler - email : <a href="mailto:louis-georges.soler@ivry.inra.fr">louis-georges.soler@ivry.inra.fr</a>	68882.htm	266
Institut Langevin 'Ondes et Images' - Mathias Fink - email : <a href="mailto:mathias.fink@espci.fr">mathias.fink@espci.fr</a> - <a href="http://www.institut-langevin.espci.fr">http://www.institut-langevin.espci.fr</a>	67068.htm	258
Midinnov - <a href="http://www.midinnov.fr">http://www.midinnov.fr</a>	74748.htm	287
Editions Eyrolles - www.eyrolles.com	67938.htm	262
Vitagora - Marthe Jewell - email : <a href="mailto:marthe.jewell@vitagora.com">marthe.jewell@vitagora.com</a>	72396.htm	278
DGA - Bruno Daffix : tél. : +33(0)1 46 19 81 51 - email : <a href="mailto:bruno.daffix@dga.defense.gouv.fr">bruno.daffix@dga.defense.gouv.fr</a>	67941.htm	262
EyeTechCare - <a href="http://www.eyetechcare.com">http://www.eyetechcare.com</a>	73435.htm	282
Genticel - <a href="http://www.genticel.com">http://www.genticel.com</a>	72935.htm	280
Arts et Métiers ParisTech - Campus de Lille - Elise Woestelandt : tél. : +33 (0)3 59 03 11 90 - email : <a href="mailto:elise.woestelandt@ensam.eu">elise.woestelandt@ensam.eu</a>	75791.htm	290
Janny MT - Benoit Janny - email : <a href="mailto:jannymt@jannymt.com">jannymt@jannymt.com</a> - Site Internet : www.jannymet.com	68273.htm	263
Unité Mixte de Recherche 'Physiologie de l'insecte : signalisation et communication' - Brigitte Frérot : tél. : + 33 (0) 30 83 31 44	72632.htm	279
Ecole Centrale Paris - Etienne Dages-Desgranges : tél. : +33 (0)1 41 13 14 74 - email : <a href="mailto:etienne.dages-desgranges@ecp.fr">etienne.dages-desgranges@ecp.fr</a> - <a href="http://www.ecp.fr">http://www.ecp.fr</a>	72936.htm	280
CNRS - Denis Spitzer : tél. : +33 (0)3 89 69 50 75 - email : <a href="mailto:denis.spitzer@isl.eu">denis.spitzer@isl.eu</a>	70425.htm	271
International Connecting Show - <a href="http://www.ics-show.com">http://www.ics-show.com</a>	73438.htm	282
- Ecole des Mines d'Ales :<br />* Bruno Goubet - email : <a href="mailto:bruno.goubet@mines-ales.fr">bruno.goubet@mines-ales.fr</a><br />* Laurence Robert : tél. : +33 (0)4 66 78 51 74 - email : <a href="mailto:laurence.robert@mines-ales.fr">laurence.robert@mines-ales.fr</a>	73430.htm	282
Rhenovia Pharma - <a href="http://www.rhenovia.com">http://www.rhenovia.com</a>	73187.htm	281
Ifremer - Marion Le Foll et Thomas Isaak : tél. : + 33 (0)1 46 48 22 40/42 email : <a href="mailto:presse@ifremer.fr">presse@ifremer.fr</a>	75460.htm	289
RESIF : <a href="http://www.resif.fr">http://www.resif.fr</a>	69181.htm	267
CEA - Stéphane Laveissière : tél. : +33 (0)1 64 50 27 53 - email : <a href="mailto:stephane.laveissiere@cea.fr">stephane.laveissiere@cea.fr</a>	68385.htm	264	68640.htm	265	68886.htm	266
CNES - Julien Watelet - tél. : +33 (0)1 44 76 78 37 - email : <a href="mailto:julien.watelet@cnes.fr">julien.watelet@cnes.fr</a>	69813.htm	269	70163.htm	270
<a href="http://onlinelibrary.wiley.com/doi/10.1002/ange.201102115/abstract">http://onlinelibrary.wiley.com/doi/10.1002/ange.201102115/abstract</a>	67558.htm	260
Vitagora - Agathe Penant - email : <a href="mailto:agathe.penant@vitagora.com">agathe.penant@vitagora.com</a>	72634.htm	279
Thales Alenia Space, Service Communication : Tarik Lahlou - Tel. : +33 (0)4 92 92 68 45 - email : <a href="mailto:tarik.lahlou@thalesaleniaspace.com">tarik.lahlou@thalesaleniaspace.com</a>	75789.htm	290
IRT Jules Verne - Sophie Péan : tél. : + 33 (0)2 28 44 36 07 - email : <a href="mailto:sophie.pean@pole-emc2.fr">sophie.pean@pole-emc2.fr</a>	75068.htm	288
ISAE - Patrick Gousseau - tél. : +33 (0)5 61 33 80 31 - email : <a href="mailto:patrick.gousseau@isae.fr">patrick.gousseau@isae.fr</a>	71358.htm	274
ATEC ITS France 2014 - <a href="http://www.congres-atecitsfrance.fr">http://www.congres-atecitsfrance.fr</a>/	74456.htm	286
Institut des Sciences et Technologies Moléculaires d'Angers - Moltech-Anjou - Philippe Blanchard : tél. : +33 (0)2 41 73 54 43 - email : <a href="mailto:philippe.blanchard@univ-angers.fr">philippe.blanchard@univ-angers.fr</a>	73436.htm	282
- Cemagref/Antony - Graciela Alvarez : tél. : +33 (0)1 40 96 60 17 email : <a href="mailto:graciela.alvarez@cemagref.fr">graciela.alvarez@cemagref.fr</a><br />- FRISBEE : <a href="http://www.frisbee-project.eu">http://www.frisbee-project.eu</a>	67557.htm	260
SensoStat - Christine Urbano : <a href="mailto:christine.urbano@sensostat.fr">christine.urbano@sensostat.fr</a> - Eric Teillet : <a href="mailto:eric.teillet@sensostat.fr">eric.teillet@sensostat.fr</a> - <a href="http://www.sensostat.fr">http://www.sensostat.fr</a>	73685.htm	283
Ecole Centrale Paris - Etienne Dages-Desgranges : tél. : + 33 (0)1 41 13 14 74 - email : <a href="mailto:etienne.dagesdesgranges@ecp.fr">etienne.dagesdesgranges@ecp.fr</a> - <a href="http://www.ecp.fr">http://www.ecp.fr</a>	74751.htm	287
- CEA - Stephane Laveissière : tél. : +33 (0)1 64 50 27 53 - email : <a href="mailto:stephane.laveissiere@cea.fr">stephane.laveissiere@cea.fr</a><br />- Veolia Environnement - Stéphane Galfré : tél. : +33 (0)01 71 75 19 27 - email : <a href="mailto:stephane.galfre@veolia.com">stephane.galfre@veolia.com</a>	72392.htm	278
Arts et Métiers Paris Tech - Aurore Tixier : tél. : +33 (0)1 44 24 64 35 - email : <a href="mailto:aurore.tixier@ensam.eu">aurore.tixier@ensam.eu</a>	68276.htm	263
Creathes - Hervé Huilier - email : <a href="mailto:herve.huilier@creathes.fr">herve.huilier@creathes.fr</a>	70166.htm	270
Technopole Alimentec - <a href="http://www.alimentec.com">http://www.alimentec.com</a>	76514.htm	292
CNRS - Michel Daydé : tél. : +33 (0)1 44 96 42 42, email : <a href="mailto:michel.dayde@cnrs-dir.fr">michel.dayde@cnrs-dir.fr</a>	74452.htm	286
Supméca - Alexis Francis - tél. : +33 (0)1 49 45 29 02	69541.htm	268
AgroParisTech - Monique Mizart - email : <a href="mailto:monique.mizart@agroparistech.fr">monique.mizart@agroparistech.fr</a>	72637.htm	279
- NOVAQT - <a href="http://www.novaqt-leforum.fr">http://www.novaqt-leforum.fr</a><br />- Conseil Région Aquitaine - Rachid Belhadj : tél. : +33 (0)05 57 57 02 75 - email : <a href="mailto:presse@aquitaine.fr">presse@aquitaine.fr</a>	74176.htm	285
ESRF - Antoine Royant - tél. : +33 (0)4 76 88 17 46 - email : <a href="mailto:antoine.royant@esrf.fr">antoine.royant@esrf.fr</a>	69539.htm	268
Bioaxial - <a href="http://www.bioaxial.com">http://www.bioaxial.com</a>	74451.htm	286
Provence Technologies - <a href="http://www.provetech.com">http://www.provetech.com</a>	72118.htm	277	75461.htm	289
- INP-ENSIACET, Institut Carnot CIRIMAT, équipe Phosphates, Pharmacotechnie et Biomatériaux (PPB) - Sylvaine Jacquart - email : <a href="mailto:sylvaine.jacquart@ensiacet.fr">sylvaine.jacquart@ensiacet.fr</a><br />- INP Toulouse - Florence Lauriac : tél. : +33 (0)5 34 32 31 36 email : <a href="mailto:florence.lauriac@inp-toulouse.fr">florence.lauriac@inp-toulouse.fr</a>	71612.htm	275
Instituts Carnot - <a href="http://www.instituts-carnot.eu">http://www.instituts-carnot.eu</a>	70753.htm	272
Institut Fresnel - Virginie Chamard : tél. : 33 (0)4 91 28 28 37 - email : <a href="mailto:virginie.chamard@fresnel.fr">virginie.chamard@fresnel.fr</a>	68391.htm	264
EyeBrain : <a href="http://www.eye-brain.com">http://www.eye-brain.com</a>	68646.htm	265
BATIénergie - <a href="http://www.salon-batienergie.fr">http://www.salon-batienergie.fr</a>	70169.htm	270
CEA - Marie Vandermersch : tél. : +33 (0)1 64 50 17 16 - email : <a href="mailto:marie.vandermersch@cea.fr">marie.vandermersch@cea.fr</a>	67943.htm	262
AgrOnov - <a href="http://www.agronov.fr">http://www.agronov.fr</a>	71842.htm	276
- Rhenovia - <a href="http://www.rhenovia.com">http://www.rhenovia.com</a><br />- SynapCell - <a href="http://www.synapcell.com">http://www.synapcell.com</a>	74453.htm	286
Colloque DEPOS - <a href="http://depos25.mines-ales.fr">http://depos25.mines-ales.fr</a>	75464.htm	289
AgroSup Dijon - Philippe Cayot - email : <a href="mailto:p.cayot@agrosupdijon.fr">p.cayot@agrosupdijon.fr</a>	72394.htm	278
- CEA - Coline Verneau : tél. : + 33 (0)1 64 50 14 88 - email : <a href="mailto:coline.verneau@cea.fr">coline.verneau@cea.fr</a><br />- CCRT - www-ccrt.cea.fr	74745.htm	287
ESA - <a href="http://www.esa.int/SPECIALS/Envisat/index.html">http://www.esa.int/SPECIALS/Envisat/index.html</a>	69811.htm	269
Delta Drone - <a href="http://www.deltadrone.com">http://www.deltadrone.com</a>	70165.htm	270
ESPCI - Ludwik Leibler : tél. : + 33 (0)1 40 79 51 25 - email : <a href="mailto:ludwik.leibler@espci.fr">ludwik.leibler@espci.fr</a>	74750.htm	287
Irstea/Bordeaux - Chantal Gardes : tél. : +33 (0)5 57 89 08 18 email : <a href="mailto:chantal.gardes@irstea.fr">chantal.gardes@irstea.fr</a>	70917.htm	273
MEDTEC : <a href="http://www.medtecfrance.com">http://www.medtecfrance.com</a>	69543.htm	268
ERA-MIN :<br />- Bruno Goffé : email : <a href="mailto:bruno.goffe@cnrs-dir.fr">bruno.goffe@cnrs-dir.fr</a><br />- Olivier Vidal : tél. : +33 (0)4 76 63 59 24 - email : <a href="mailto:olivier.vidal@ujf-grenoble.fr">olivier.vidal@ujf-grenoble.fr</a>	68642.htm	265
LAAS - Fabrice Séverac : tél. : +33 (0)5 61 33 63 60 - email : <a href="mailto:fseverac@laas.fr">fseverac@laas.fr</a>	68644.htm	265
Ifremer - Johanna Martin - tél. : +33 (0)2 98 22 40 05 - email : <a href="mailto:johanna.martin@ifremer.fr">johanna.martin@ifremer.fr</a> - <a href="http://www.ifremer.fr/webtv">http://www.ifremer.fr/webtv</a>	74170.htm	285
Laboratoire de Synthèse et Fonctionnalisation des Céramiques (CNRS/Saint-Gobain) - Sylvain Deville : tél. : +33 (0)4 32 50 06 59 - email : <a href="mailto:sylvain.deville@saint-gobain.com">sylvain.deville@saint-gobain.com</a>	68390.htm	264
CNES - Gwenaëlle Verpeaux : tél. : +33 (0)1 44 76 74 04 - email : <a href="mailto:gwenaelle.verpeaux@cnes.fr">gwenaelle.verpeaux@cnes.fr</a>	67942.htm	262
Semaine de la Mémoire - <a href="http://www.semainedelamemoire.fr">http://www.semainedelamemoire.fr</a>	76515.htm	292
LabEx MAbImprove - email : <a href="mailto:labex_mabimprove@univ-tours.fr">labex_mabimprove@univ-tours.fr</a> - <a href="http://mabimprove.univ-tours.fr">http://mabimprove.univ-tours.fr</a>	72938.htm	280
- OMNT : <a href="http://www.omnt.fr">http://www.omnt.fr</a><br />- Pour s'inscrire : <a href="http://omnt.congres-scientifique.com/avril2012">http://omnt.congres-scientifique.com/avril2012</a>/	69186.htm	267
ENSTA Bretagne - Ingrid Le Toutouze : tél. : +33 (0)2 98 34 88 51 - email : <a href="mailto:ingrid.letoutouze@ensta-bretagne.fr">ingrid.letoutouze@ensta-bretagne.fr</a>	67944.htm	262
ESTP Paris - Albane Duteurtre : tél. : + 33 (0)1 49 08 24 38 email : <a href="mailto:aduteurtre@adm.estp.fr">aduteurtre@adm.estp.fr</a>	73883.htm	284
CEA - Stéphane Laveissière : +33 (0) 64 50 27 53 - email : <a href="mailto:stephane.laveissiere@cea.fr">stephane.laveissiere@cea.fr</a>	74168.htm	285
Ecole Polytechnique - Raphaël de Rasilly : tél. : +33 (0)1 69 33 38 97 email : <a href="mailto:raphael.de-rasilly@polytechnique.edu">raphael.de-rasilly@polytechnique.edu</a>	76208.htm	291
Centre de recherche de l'Institut du Cerveau et la Moelle Epinière - Jean Lorenceau : tél. : +33 (0) 57 27 43 77 - email : <a href="mailto:jean.lorenceau@upmc.fr">jean.lorenceau@upmc.fr</a>	70744.htm	272
Biocitech - www.biocitech.com	67799.htm	261
International Nuclear Academy - EXENUC - email : <a href="mailto:contact@inuclear-academy.com">contact@inuclear-academy.com</a> - <a href="http://www.inuclear-academy.com">http://www.inuclear-academy.com</a>/	71619.htm	275
UMR 866 Lipides, Nutrition, Santé - Inserm - Laurent Lagrost - email : <a href="mailto:laurent.lagrost@u-bourgogne.fr">laurent.lagrost@u-bourgogne.fr</a>	75459.htm	289
Biovision 2014 - <a href="http://www.biovision.org">http://www.biovision.org</a>	75465.htm	289
Laboratoire d'Ecologie Alpine :<br />- Sandra Lavorel : tél. : +33 (0)4 76 63 56 61 - email : <a href="mailto:sandra.lavorel@ujf-grenoble.fr">sandra.lavorel@ujf-grenoble.fr</a><br />Centre d'Ecologie Fonctionnelle et Evolutive<br />- Eric Garnier : tél. : +33 (0)4 67 61 32 42 - email : <a href="mailto:eric.garnier@cef.cnrs.fr">eric.garnier@cef.cnrs.fr</a>	67387.htm	259
GIEC : <a href="http://www.ipcc.ch">http://www.ipcc.ch</a>/	69533.htm	268
ARTEMIS - Gérard Million - email : <a href="mailto:gerard.million@dijon-cereales.fr">gerard.million@dijon-cereales.fr</a>	68279.htm	263
Rencontres SIG La Lettre 2012 - <a href="http://www.rencontres-sig-la-lettre.fr">http://www.rencontres-sig-la-lettre.fr</a>	68889.htm	266
Journées Recherche et Industrie Biogaz méthanisation : <a href="http://redirectix.bulletins-electroniques.com/btOOt">http://redirectix.bulletins-electroniques.com/btOOt</a>	73690.htm	283
Ecole Polytechnique - Claire Lenz : tél. : +33 (0)1 69 33 38 70 - email : <a href="mailto:claire.lenz@polytechnique.edu">claire.lenz@polytechnique.edu</a>	72398.htm	278
Saint-Gobain - Emmanuelle Gouillart - tél. : +33 (0) 1 48 39 57 52 - email : <a href="mailto:emmanuelle.gouillart@saint-gobain.com">emmanuelle.gouillart@saint-gobain.com</a>	69819.htm	269
Laboratoire Evolution, Génomes et Spéciation (LEGS) - Gérard Arnold - email : <a href="mailto:arnold@legs.cnrs-gif.fr">arnold@legs.cnrs-gif.fr</a>	71843.htm	276
- UMI-ESS - Gilles Boëtsch - email : <a href="mailto:gilles.boetsch@gmail.com">gilles.boetsch@gmail.com</a><br />- A lire : 'Le CNRS lance une première opération d'envergure en Afrique' - BE France 222 - 27/02/2009 - <a href="http://www.bulletins-electroniques.com/actualites/57973.htm">http://www.bulletins-electroniques.com/actualites/57973.htm</a>	75458.htm	289
Eco-campus 2 - <a href="http://www.campus-transition-nantes.fr">http://www.campus-transition-nantes.fr</a>	74175.htm	285
CEA/Cadarache - Institut de Recherche sur la Fusion par confinement Magnétique (IRFM) - Delphine Keller - email : <a href="mailto:delphine.keller@cea.fr">delphine.keller@cea.fr</a> - www-fusion-magnetique.cea.fr	75064.htm	288
CEA - Coline Verneau - email : <a href="mailto:coline.verneau@cea.fr">coline.verneau@cea.fr</a>	67800.htm	261
Actilait - Eric Notz - email : <a href="mailto:e.notz@actilait.com">e.notz@actilait.com</a>	67388.htm	259	68885.htm	266
Midi-Pyrénées Innovation - tél. : +33 (0)5 34 40 41 00 - <a href="http://www.mp-i.fr">http://www.mp-i.fr</a>	75066.htm	288
- CEA Leti - Laurent Malier - email : <a href="mailto:laurent.malier@cea.fr">laurent.malier@cea.fr</a><br />- Analytical Pixels Technology - Jean-Pierre Braun - email : <a href="mailto:jeanpbraun@gmail.com">jeanpbraun@gmail.com</a>	68881.htm	266
- Pierre Feillet - email : <a href="mailto:pierre.feillet@wanadoo.fr">pierre.feillet@wanadoo.fr</a><br />- Editions Quae : <a href="http://www.quae.com">http://www.quae.com</a>	76213.htm	291
- Innorobo - <a href="http://www.innorobo.com">http://www.innorobo.com</a><br />- EMM Robotics - <a href="http://www.mecatronique.fr/emm-robotics">http://www.mecatronique.fr/emm-robotics</a><br />- European Robotics Forum (ERF) - <a href="http://www.eurobotics2013.com">http://www.eurobotics2013.com</a>	72122.htm	277
Airbus - Anne Galabert - email : <a href="mailto:anne.galabert@airbus.com">anne.galabert@airbus.com</a> - <a href="http://www.airbus.com">http://www.airbus.com</a>	72636.htm	279
Forum Plastipolis - email : <a href="mailto:forum2012@plastipolis.fr">forum2012@plastipolis.fr</a> - <a href="http://www.plastipolis.fr">http://www.plastipolis.fr</a>	70752.htm	272
- INRA/Montpellier - Philippe Perrier-Cornet - email : <a href="mailto:perrierp@supagro.inra.fr">perrierp@supagro.inra.fr</a><br />- Documents et vidéos du colloque disponibles sur <a href="http://www5.paris.inra.fr/depe/Projets/Filiere-equine">http://www5.paris.inra.fr/depe/Projets/Filiere-equine</a>	71357.htm	274
Ceti International Forum - Karine Wallois et Anais Stael : tél. : +33 (0)3 62 72 61 33 email : <a href="mailto:internationalforum@ceti.com">internationalforum@ceti.com</a>	70921.htm	273
CNRS Editions - <a href="http://www.cnrseditions.fr">http://www.cnrseditions.fr</a> - Christelle Voisin : tél. : +33 (0)1 53 10 27 13 - email : <a href="mailto:christelle.voisin@cnrseditions.fr">christelle.voisin@cnrseditions.fr</a>	72940.htm	280
Ecole Centrale de Nantes - Laurence Louatron : tél. : +33 (0)2 40 37 16 87 email : <a href="mailto:laurence.louatron@ec-nantes.fr">laurence.louatron@ec-nantes.fr</a>	70743.htm	272
Saint-Gobain - Sylvain Deville : tél. : + (0)33 04 32 50 06 59 email : <a href="mailto:sylvain.deville@saint-gobain.com">sylvain.deville@saint-gobain.com</a>	76210.htm	291
Institut de Génomique Fonctionnelle - Patrice Mollard : tél. : +33 (0)4 34 35 92 70 - email : <a href="mailto:patrice.mollard@igf.cnrs.fr">patrice.mollard@igf.cnrs.fr</a>	68887.htm	266
INP Toulouse - Florence Lauriac : tél. : +33 (0)5 34 32 31 36 - email : <a href="mailto:florence.lauriac@inp-toulouse.fr">florence.lauriac@inp-toulouse.fr</a>	76512.htm	292
- CSGA - Sophie Nicklaus - email : <a href="mailto:sophie.nicklaus@dijon.inra.fr">sophie.nicklaus@dijon.inra.fr</a><br />- Colloque Opaline - email : <a href="mailto:congres.opaline@vitagora.com">congres.opaline@vitagora.com</a>	70749.htm	272
Sporaltec - Séverine Sabot : tél. : + 33 (0)4 77 39 00 31 - email : <a href="severine.sabot@sporaltec.fr">severine.sabot@sporaltec.fr</a> - <a href="http://www.sporaltec.fr/raidinnovation">http://www.sporaltec.fr/raidinnovation</a>	73689.htm	283
AllEnvi - <a href="http://www.allenvi.fr">http://www.allenvi.fr</a>	67071.htm	258
Inserm - Unité 901 'Institut de Neurobiologie de la Méditerranée' - Jérôme Epsztein : tél. : +33 (0)4 91 82 81 15 - email : <a href="mailto:epsztein@inmed.univ-mrs.fr">epsztein@inmed.univ-mrs.fr</a>	67389.htm	259
- Nausicaa - Centre National de la Mer - Ingrid Picquart : tél. : + 33 (0)3 21 30 99 99 - email : <a href="mailto:i.picquart@exchange.nausicaa.fr">i.picquart@exchange.nausicaa.fr</a><br />- Actes Sud - Régine Le Meur : tél. : + 33 (0)5 62 66 94 63 - email : <a href="mailto:r.lemeur@actes-sud.fr">r.lemeur@actes-sud.fr</a>	71621.htm	275
- Danone - Michel Rogeaux - email : <a href="mailto:michel.rogeaux@danone.com">michel.rogeaux@danone.com</a><br />- Vitagora - Marthe Jewell - email : <a href="mailto:marthe.jewell@vitagora.com">marthe.jewell@vitagora.com</a>	75793.htm	290
François Bourin Editeur - www.bourin-editeur.fr	67794.htm	261
INSERM - Raphael Scharfmann - tél. : + 33 (0) 01 40 61 55 65 - email : <a href="mailto:raphael.scharfmann@inserm.fr">raphael.scharfmann@inserm.fr</a>	67802.htm	261
Oniris Nantes - Denis Poncelet - email : <a href="mailto:denis.poncelet@oniris-nantes.fr">denis.poncelet@oniris-nantes.fr</a>	75462.htm	289
Arts et Métiers ParisTech - Aurore Tixier : tél. : +33 (0)1 44 24 64 35 - email : <a href="mailto:aurore.tixier@ensam.eu">aurore.tixier@ensam.eu</a>	68393.htm	264
Laboratoire de Physique de la Matière Condensée - Claude Weisbuch : tél. : 01 69 33 46 76 email : <a href="mailto:claude.weisbuch@polytechnique.edu">claude.weisbuch@polytechnique.edu</a>	73188.htm	281
- Université Paris Sud - Cécile Pérol - tél. : +33 (0)1 6915 41 99 - email : <a href="mailto:cecile.perol@u-psud.fr">cecile.perol@u-psud.fr</a><br />- PSA Peugeot Citroën - Laure de Servigny : tél +33 (0)1 40 66 35 42	70748.htm	272
CNRS - Julien Guillaume : tél. : +33 (0)1 44 96 46 35 email : <a href="mailto:julien.guillaume@cnrs-dir.fr">julien.guillaume@cnrs-dir.fr</a>	68278.htm	263
Biom'Up - Sylvain Picot, Président Directeur Général - email : <a href="mailto:sylvain.picot@biomup.com">sylvain.picot@biomup.com</a> - <a href="http://www.biomup.com">http://www.biomup.com</a>	71616.htm	275
FAO - <a href="http://www.fao.org/docrep/009/a0217f/a0217f00.htm">http://www.fao.org/docrep/009/a0217f/a0217f00.htm</a>	69821.htm	269
Airbus - Aude Lebas : tél. : +33 (0)6 17 72 03 48	70920.htm	273
- Silver Valley - <a href="http://www.silvervalley.fr">http://www.silvervalley.fr</a><br />- Silvereco - <a href="http://www.silvereco.fr">http://www.silvereco.fr</a>	74746.htm	287
CEA - Jean-Christophe Cintrat : tél. : +33 (0)1 69 08 21 07 - email : <a href="mailto:jean-christophe.cintrat@cea.fr">jean-christophe.cintrat@cea.fr</a>	67390.htm	259
VHO Exploitation - Dominique Auroy - email : <a href="mailto:odomi@netcourrier.com">odomi@netcourrier.com</a>	73684.htm	283
Forum TERATEC 2014 : <a href="http://www.teratec.eu/forum/index.html">http://www.teratec.eu/forum/index.html</a>	75796.htm	290
TENERRDIS - <a href="http://www.tenerrdis.fr">http://www.tenerrdis.fr</a>	69818.htm	269
Nalini Anantharaman - email : <a href="mailto:Nalini.Anantharaman@math.u-psud.fr">Nalini.Anantharaman@math.u-psud.fr</a>	72932.htm	280
Institut de la Vision, UMRS 968 - William Rostene : tél. : +33 (0)1 53 46 25 72 - email : <a href="mailto:william.rostene@inserm.fr">william.rostene@inserm.fr</a>	68388.htm	264
CEA - Département d'étude du Traitement et du Conditionnement des Déchets - Frédéric Goettmann - email : <a href="mailto:frederic.goettmann@cea.fr">frederic.goettmann@cea.fr</a>	75792.htm	290
- Institut Charles Sadron - Nicolas Giuseppone : tél. : +33 (0)3 88 41 41 66 - email : <a href="mailto:giuseppone@unistra.fr">giuseppone@unistra.fr</a><br />- Institut de Physique et Chimie des Matériaux de Strasbourg - Bernard Doudin : tél. : + 33 (0)3 88 10 72 39 - email : <a href="mailto:bdoudin@ipcms.unistra.fr">bdoudin@ipcms.unistra.fr</a>	70167.htm	270
Science Europe - <a href="http://www.scienceeurope.org">http://www.scienceeurope.org</a>	68386.htm	264
Arts et Métiers ParisTech - Aurore Tixier, Directrice de la communication - tél. : +33 (0)1 44 24 64 35 - email : <a href="mailto:aurore.tixier@ensam.eu">aurore.tixier@ensam.eu</a>	70161.htm	270
Institut de chimie moléculaire et des matériaux d'Orsay - Laboratoire de glycochimie moléculaire et macromoléculaire - Boris Vauzeilles : tél. : +33 (0)1 69 15 68 36 - email : <a href="mailto:boris.vauzeilles@u-psud.fr">boris.vauzeilles@u-psud.fr</a>	69183.htm	267
Forum 4i - <a href="http://www.forum4i.fr">http://www.forum4i.fr</a>	72400.htm	278	75466.htm	289
SEB - Kevin Camphuis - email : <a href="mailto:kcamphuis@seb.fr">kcamphuis@seb.fr</a>	71359.htm	274
Ecole Normale Supérieure de Lyon - Sergio Ciliberto - tél. : +33 (0)4 72 72 81 43 - email : <a href="mailto:sergio.ciliberto@ens-lyon.fr">sergio.ciliberto@ens-lyon.fr</a>	69540.htm	268
Ecole Centrale Paris - Etienne Dages-Desgranges : tél. : +33 (0)1 41 13 14 74 email : <a href="mailto:etienne.dages-desgranges@ecp.fr">etienne.dages-desgranges@ecp.fr</a>	76211.htm	291
Editions Quae - <a href="http://www.quae.com">http://www.quae.com</a>	74457.htm	286
Académie des Technologies - Catherine Côme : tél. : +33 (0)1 53 85 44 30 email : <a href="mailto:catherine.come@academie-technologies.fr">catherine.come@academie-technologies.fr</a> - <a href="http://www.academie-technologies.fr">http://www.academie-technologies.fr</a>	72113.htm	277
Nanothinking - Thomas Dubouchet - email : <a href="mailto:thomas.dubouchet@nanothinking.com">thomas.dubouchet@nanothinking.com</a> - <a href="http://www.nanothinking.com">http://www.nanothinking.com</a>	74747.htm	287
- CEA - stéphane Laveissière - email : <a href="mailto:stephane.laveissiere@cea.fr">stephane.laveissiere@cea.fr</a><br />- GENCI - Laetitia Baudin - email : <a href="mailto:laetitia.baudin@genci.fr">laetitia.baudin@genci.fr</a>	70914.htm	273
- CEA - Coline Verneau : tél. : + 33(0)1 64 50 14 88 - email : <a href="mailto:coline.verneau@cea.fr">coline.verneau@cea.fr</a><br />- CCRT - www-ccrt.cea.fr	74744.htm	287
Laurent Colasse - email : <a href="mailto:laurentcolasse@gmail.com">laurentcolasse@gmail.com</a>	68274.htm	263
ECCP 2013 : <a href="http://www.eccp2013.com">http://www.eccp2013.com</a>/	73691.htm	283
- Laboratoire de Météorologie Dynamique - <a href="http://www.hymex.org">http://www.hymex.org</a><br />* Philippe Drobinski : tél. : +33 (0)1 69 33 51 42 email : philippe.drobinski@lmd@polytechnique.fr<br />- Météo France, CNRM-GAME<br />* Véronique Ducrocq : tél. : +33 (0)5 61 07 96 02 email : veronique.ducrocq@meteo.fr<br />- HyMeX	70916.htm	273
CNRS - Julien Guillaume - email : <a href="mailto:julien.guillaume@cnrs-dir.fr">julien.guillaume@cnrs-dir.fr</a>	69180.htm	267
Editions Le Pommier - <a href="http://www.editions-lepommier.fr">http://www.editions-lepommier.fr</a>	72401.htm	278
Université Paris-Sud - Cécile Pérol : tél. : +33 (0)1 69 15 41 99 - email : <a href="mailto:cecile.perol@u-psud.fr">cecile.perol@u-psud.fr</a>	68392.htm	264
Inra - Christophe Salon - email : <a href="mailto:christophe.salon@dijon.inra.fr">christophe.salon@dijon.inra.fr</a>	70420.htm	271
AIRBUS - Nina Ohlerich : tél. : + 49 40 743 85253	67797.htm	261
CSGA - Thierry Thomas Danguin - email : <a href="mailto:thierry.thomas-danguin@dijon.inra.fr">thierry.thomas-danguin@dijon.inra.fr</a>	75790.htm	290
INRA/Jouy - Romain Briandet - email : <a href="mailto:romain.briandet@jouy.inra.fr">romain.briandet@jouy.inra.fr</a>	70746.htm	272
IFREMER - Marion Le Foll : tél. : +33 (0)1 46 48 22 42/4 - email : <a href="mailto:Marion.Le.Foll@ifremer.fr">Marion.Le.Foll@ifremer.fr</a>	68883.htm	266
Laboratoire de Biochimie Métabolique et Nutritionnelle (LBMN) - Norbert Latruffe - email : <a href="mailto:latruffe@u-bourgogne.fr">latruffe@u-bourgogne.fr</a>	68387.htm	264
Inria/Sophia Antipolis-Méditerranée - Olivier Bernard : tél. : +33 [4]92 38 77 85 - email : <a href="mailto:olivier.bernard@inria.fr">olivier.bernard@inria.fr</a>	67385.htm	259
Ingérop - Silvia Nimo : tél. : +33 (0)1 49 04 55 08 email : <a href="mailto:silvia.nimo@ingerop.com">silvia.nimo@ingerop.com</a> - <a href="http://www.ingerop.fr">http://www.ingerop.fr</a>	73875.htm	284
- CEA - Stéphane Laveissière : tél. : +33 (0)1 64 50 27 53 - email : <a href="mailto:stephane.laveissiere@cea.fr">stephane.laveissiere@cea.fr</a><br />- IZEST - <a href="http://www.int-zest.com/index.html">http://www.int-zest.com/index.html</a>	68638.htm	265
- Centre d'Elaboration de Matériaux et d'Etudes Structurales (CEMES) :<br />* Christian Joachim : tél. : +33 (0)5 62 25 78 35 email : <a href="mailto:joachim@cemes.fr">joachim@cemes.fr</a><br />* Gwénaël Rapenne : tél. : +33 (0)5 62 25 78 41 email : <a href="mailto:rapenne@cemes.fr">rapenne@cemes.fr</a>	72119.htm	277
Inra/Dijon - Centre des Sciences du Goût et de l'Alimentation (CSGA) - Christian Salles - email : <a href="mailto:salles@dijon.inra.fr">salles@dijon.inra.fr</a>	69534.htm	268
- Forum Recherche-Industrie sur les Bioénergies - <a href="https://colloque.inra.fr/forum_bioenergie_ic_3bcar2012">https://colloque.inra.fr/forum_bioenergie_ic_3bcar2012</a><br />- 3bcar - <a href="http://www.3bcar.fr">http://www.3bcar.fr</a>/	72121.htm	277
- Pole PASS - <a href="http://www.pole-pass.fr">http://www.pole-pass.fr</a><br />- <a href="http://redirectix.bulletins-electroniques.com/4g87X">http://redirectix.bulletins-electroniques.com/4g87X</a>	76516.htm	292
- Université Paris-Sud - Cécile Pérol - tél. : +33 (0)1 69 15 41 99 - email : <a href="mailto:cecile.perol@u-psud.fr">cecile.perol@u-psud.fr</a><br />- Agence française de lutte contre le dopage - Emmanuel Israël - tél. : +33 (0)1 40 62 76 76 - email : <a href="mailto:e.israel@afld.fr">e.israel@afld.fr</a>	69536.htm	268
- Projet SYSIASS - www.sysiass.eu<br />- ISEN - www.isen.fr	67940.htm	262
CEA - Tuline Laeser : tél. : +33 (0)1 64 50 20 97 email : <a href="mailto:tuline.laeser@cea.fr">tuline.laeser@cea.fr</a>	70919.htm	273
Institut Pierre Simon Laplace (IPSL) - Laboratoire de Météorologie Dynamique (LMD) - Rémy Roca : tél. : +33 (0)1 44 27 21 67 - email : <a href="mailto:roca@lmd.jussieu.fr">roca@lmd.jussieu.fr</a>	67939.htm	262
Laboratoire de Biogenèse Membranaire - Vincent Arondel - tél. : +33 (0)5 57 57 45 08 - email : <a href="mailto:vincent.arondel@u-bordeaux2.fr">vincent.arondel@u-bordeaux2.fr</a>	67391.htm	259
Université Paris-Sud - Paul Leadley - tél. : +33 (0)1 69 15 72 22 - email : <a href="mailto:paul.leadley@u-psud.fr">paul.leadley@u-psud.fr</a>	69816.htm	269
- CNRS - Laetitia Louis : tél. : +33 (0)1 44 96 51 37 - email : <a href="mailto:laetitia.louis@cnrs-dir.fr">laetitia.louis@cnrs-dir.fr</a><br />- Innovatives SHS - <a href="http://www.cnrs.fr/inshs/innovatives-shs2013/presentation.htm">http://www.cnrs.fr/inshs/innovatives-shs2013/presentation.htm</a>	72939.htm	280
Sustainable Design School (SDS) - Maurille Larivière : tél. : +33 (0)4 93 41 44 51 - email : <a href="mailto:maurille.lariviere@the-sds.com">maurille.lariviere@the-sds.com</a>	76513.htm	292
Aquitaine Science Transfert - Claire Moras : tél. : +33 (0)5 56 46 20 73 - email : <a href="mailto:c.moras@ast-innovations.com">c.moras@ast-innovations.com</a>	75067.htm	288
Medtech - Bertin Nahum : tél. : +33 (0)4 67 10 77 40 - email : <a href="mailto:contact@medtechsurgical.com">contact@medtechsurgical.com</a> - <a href="http://www.medtech.fr">http://www.medtech.fr</a>	71614.htm	275
- Hélio-SPIR - <a href="http://www.heliospir.net/actualites/article/34">http://www.heliospir.net/actualites/article/34</a><br />- Inscription : <a href="http://redirectix.bulletins-electroniques.com/jTFx7">http://redirectix.bulletins-electroniques.com/jTFx7</a>	67392.htm	259
- ProTip - <a href="http://www.protipmedical.com">http://www.protipmedical.com</a><br />- A lire également dans BE France :<br />* <a href="http://www.bulletins-electroniques.com/actualites/37498.htm">http://www.bulletins-electroniques.com/actualites/37498.htm</a><br />* <a href="http://www.bulletins-electroniques.com/actualites/58785.htm">http://www.bulletins-electroniques.com/actualites/58785.htm</a>	74454.htm	286
Ecole Polytechnique - Nathalie Litwin : tél. : +33 (0)1 69 33 38 93 - email : <a href="mailto:nathalie.litwin@polytechnique.edu">nathalie.litwin@polytechnique.edu</a>	68639.htm	265
Vitagora - Marthe Jewell : tél. : +33 (0)03 80 78 97 92 - email : <a href="mailto:marthe.jewell@vitagora.com">marthe.jewell@vitagora.com</a>	74172.htm	285
FFA2011 - www.forumforagriculture.com - <a href="mailto:info@forumforagriculture.com">info@forumforagriculture.com</a>	67804.htm	261
DYNACOMP - <a href="http://redirectix.bulletins-electroniques.com/E98qR">http://redirectix.bulletins-electroniques.com/E98qR</a>	69820.htm	269
DAVI - Pascal Arbault - email : <a href="mailto:pascal@davi.fr">pascal@davi.fr</a> - <a href="http://www.davi.fr">http://www.davi.fr</a>	75063.htm	288
INSERM - Unité 606 'Os et Articulation' - Marie Christine de Vernejoul : tél. : +33 (0)1 49 95 63 58 - email : <a href="mailto:christine.devernejoul@lrb.aphp.fr">christine.devernejoul@lrb.aphp.fr</a>	69184.htm	267
CEA/Leti - Stéphane Lavessière - email : <a href="mailto:stephane.laveissiere@cea.fr">stephane.laveissiere@cea.fr</a>	67554.htm	260
CEA - Robert Vautard : tél. : +33 (0)1 69 08 26 40 email : <a href="mailto:robert.vautard@cea.fr">robert.vautard@cea.fr</a>	75463.htm	289
Tara Oceans Polar Circle - Eloise Fontaine : tél. : +33 (0)1 42 01 38 57 email : <a href="mailto:eloise@taraexpeditions.org">eloise@taraexpeditions.org</a> - <a href="http://oceans.taraexpeditions.org">http://oceans.taraexpeditions.org</a>/	73183.htm	281
Inria/Paris-Rocquencourt - Pascale Minet : tél. : +33 (0)1 39 63 52 33 - email : <a href="mailto:pascale.minet@inria.fr">pascale.minet@inria.fr</a>	67386.htm	259
Lirmm - François Pierrot - email : <a href="mailto:francois.pierrot@lirmm.fr">francois.pierrot@lirmm.fr</a>	67383.htm	259
Rue de l'Echiquier - <a href="http://www.ruedelechiquier.net">http://www.ruedelechiquier.net</a>	71366.htm	274
CEA - Tuline Laeser : tél. : +33 (0)1 64 50 20 97 - email : <a href="mailto:tuline.laeser@cea.fr">tuline.laeser@cea.fr</a>	71838.htm	276
LAAS - Fuccio Cristiano - tél. : +33 (0) 5 61 33 62 54 - email : <a href="mailto:fuccio@laas.fr">fuccio@laas.fr</a>	69814.htm	269
Ecole Centrale de Lyon - Jean-Pierre Berthet : tél. : +33 (0)4 72 18 67 81 email : <a href="mailto:jean-pierre.berthet@ec-lyon.fr">jean-pierre.berthet@ec-lyon.fr</a>	73876.htm	284
- Inosport :<br />* <a href="http://www.inosport.fr/sinscrire">http://www.inosport.fr/sinscrire</a>/<br />* <a href="http://www.inosport.fr">http://www.inosport.fr</a>	75797.htm	290
AIRBUS - <a href="http://www.airbus.com">http://www.airbus.com</a>	71617.htm	275
Académie des Technologies - Catherine Côme : tél. : +33 (0)1 53 85 44 30 - email : <a href="mailto:catherine.come@academie-technologies.fr">catherine.come@academie-technologies.fr</a>	70429.htm	271
RIHB : <a href="http://www.hydravions-biscarrosse.com">http://www.hydravions-biscarrosse.com</a>	69542.htm	268
Projet Prôtis - Patrice Pomey : tél. : + 33 (0)4 42 26 19 70 - email : <a href="mailto:Pomey@mmsh.univ-aix.fr">Pomey@mmsh.univ-aix.fr</a> - <a href="http://protis.hypotheses.org">http://protis.hypotheses.org</a>	73683.htm	283
Renseignements : tél. +33 (0)4 42 11 22 33	67561.htm	260
CNES - Julien WATELET : tél. : 01 44 76 78 37 - <a href="mailto:julien.watelet@cnes.fr">julien.watelet@cnes.fr</a>	69177.htm	267	69179.htm	267
Académie des technologies - Catherine Come : tél. : +33 (0)1 53 85 44 30 email : <a href="mailto:catherine.come@academie-technologies.fr">catherine.come@academie-technologies.fr</a> - <a href="http://www.academie-technologies.fr">http://www.academie-technologies.fr</a>	73182.htm	281
ESSCA - Joëlle Isaac-Moine : tél. : +33 (0)2 41 73 57 78 - email : <a href="mailto:joelle.isaac-moine@essca.fr">joelle.isaac-moine@essca.fr</a>	68281.htm	263
CNRS - Annick Billebaud : tél. : +33 (0)4 76 28 40 57 - email : <a href="mailto:billebaud@lpsc.in2p3.fr">billebaud@lpsc.in2p3.fr</a>	69178.htm	267
Centre de Recherche sur les Macromolécules Végétales (CERMAV) - Redouane Borsali : tél. : +33 (0)4 76 03 76 40 - email : <a href="mailto:redouane.borsali@cermav.cnrs.fr">redouane.borsali@cermav.cnrs.fr</a>	70423.htm	271
Cemagref :<br />- www.forets-cemagref.fr<br />- www.cemagref.fr	68283.htm	263
Editions Dunod - Elisabeth Erhardy : tél. : +33 (0)1 4046 35 12 - email : <a href="mailto:eerhardy@dunod.com">eerhardy@dunod.com</a> - <a href="http://www.dunod.fr">http://www.dunod.fr</a>	74752.htm	287
Université des Alpes - Alpes Magazine : <a href="http://www.alpesmagazine.com">http://www.alpesmagazine.com</a> - Carole Gerard - email : <a href="mailto:carole.gerard@megeve.com">carole.gerard@megeve.com</a>	73881.htm	284
- INRA/Avignon - Catherine Renard - email : <a href="mailto:catherine.renard@avignon.inra.fr">catherine.renard@avignon.inra.fr</a><br />- Seb - Mariette Sicard - email : <a href="mailto:msicard@groupeseb.com">msicard@groupeseb.com</a>	75069.htm	288
3ème Colloque Sciences de la Vie en société - <a href="http://www.genopole.fr/sdv-en-societe-2012.html">http://www.genopole.fr/sdv-en-societe-2012.html</a>	71620.htm	275
WiN MS - <a href="http://www.win-ms.com">http://www.win-ms.com</a>	76510.htm	292
Smartox Biotechnology - <a href="http://www.smartox-biotech.com">http://www.smartox-biotech.com</a>	73878.htm	284
ESPCI - Sébastien Bidault - email : <a href="mailto:sebastien.bidault@espci.fr">sebastien.bidault@espci.fr</a>	70747.htm	272
INRA/Montpellier, Laboratoire d'écophysiologie des plantes sous stress environnementaux (INRA/Montpellier SupAgro) - François Tardieu : tél. : +33 (0)4 99 61 26 32 - email : <a href="mailto:francois.tardieu@supagro.inra.fr">francois.tardieu@supagro.inra.fr</a>	69182.htm	267
INSERM/Unité Mixte de Recherche 866 - Laurent Lagrost - email : <a href="mailto:laurent.lagrost@u-bourgogne.fr">laurent.lagrost@u-bourgogne.fr</a>	73184.htm	281
Laboratoire 'Matière et Systèmes Complexes' - Valentin Leroy - <a href="mailto:valentin.leroy@univ-paris-diderot.fr">valentin.leroy@univ-paris-diderot.fr</a>	75794.htm	290
ICCC 2013 - <a href="http://www.iccc2013.com">http://www.iccc2013.com</a> - <a href="mailto:contact@iccc2013.com">contact@iccc2013.com</a>	72393.htm	278
IFTS - Marie-Andrée Sirvain : tél. : +33 (0) 05 53 95 83 94 - email : <a href="mailto:marie.sirvain@ifts-sls.com">marie.sirvain@ifts-sls.com</a>	72399.htm	278
Chono-Environnement - Daniel Gilbert - email : <a href="mailto:daniel.gilbert@univ-fcomte.fr">daniel.gilbert@univ-fcomte.fr</a>	70745.htm	272
THALES - Dorothée Bonneil - email : <a href="mailto:dorothee.bonneil@thalesgroup.com">dorothee.bonneil@thalesgroup.com</a>	70162.htm	270
- IGPSC - Renseignements et inscriptions : <a href="http://www.avantage-aquitaine.com/conferences/ingenierie13/index.html">http://www.avantage-aquitaine.com/conferences/ingenierie13/index.html</a><br />- Emmanuelle Pangaud, Agence Vista Point - email : <a href="mailto:vistapoint64@bbox.fr">vistapoint64@bbox.fr</a>	72937.htm	280
- Aldebaran Robotics - <a href="http://www.aldebaran-robotics.com">http://www.aldebaran-robotics.com</a><br />- Morpho System - <a href="http://www.morpho.com">http://www.morpho.com</a>	72633.htm	279
Jean-Louis Junien - email : <a href="mailto:jlc.junien@wanadoo.fr">jlc.junien@wanadoo.fr</a>	72116.htm	277
AgroParisTech - Romain Bertrand : tél. : +33 (O)3 83 39 68 12 - email : <a href="mailto:romain.bertrand@engref.agroparistech.fr">romain.bertrand@engref.agroparistech.fr</a>	68389.htm	264
INRA/Montpellier - Laurent Prévot - tél. : +33 (0)4 99 61 31 33 - email : <a href="mailto:lprevot@supagro.inra.fr">lprevot@supagro.inra.fr</a>	69537.htm	268
ULIS : www.ulis-ir.com	67796.htm	261
SUNAERO - Thierry Regond : tél. : +33 (0)4 72 08 12 12 - email : <a href="mailto:tregond@sunaero.com">tregond@sunaero.com</a> - <a href="http://www.sunaero.com">http://www.sunaero.com</a>	71840.htm	276
Invest in Photonics : <a href="http://www.invest-in-photonics.com">http://www.invest-in-photonics.com</a>	75795.htm	290
ESIEE - Christine Cevaer : tél. : +33 (0)1 45 92 65 92 email : <a href="mailto:c.cevaer@esiee.fr">c.cevaer@esiee.fr</a> - <a href="http://jourdesprojets.esiee-paris.fr">http://jourdesprojets.esiee-paris.fr</a>	73190.htm	281
- [1] 'L'EyeBrain Tracker utilisé dans un essai clinique sur la maladie de Parkinson', BE France 265 (21/12/2011) : <a href="http://www.bulletins-electroniques.com/actualites/68646.htm">http://www.bulletins-electroniques.com/actualites/68646.htm</a><br />- EyeBrain - <a href="http://www.eye-brain.com">http://www.eye-brain.com</a>	74171.htm	285
Cathy Clément : tél. : +33 (0)1 30 82 66 65 email : <a href="mailto:cathy.clement@gaiacommunication.fr">cathy.clement@gaiacommunication.fr</a>	70918.htm	273
ESA - <a href="http://www.esa.int/ESA">http://www.esa.int/ESA</a>	73880.htm	284
INRA/Centre d'Orléans - Christelle Robinet : tél. : +33 (0)2 38 41 80 38 email : <a href="mailto:christelle.robinet@orleans.inra.fr">christelle.robinet@orleans.inra.fr</a>	71618.htm	275
ESTP - Anne Claire Omont : tél. : +33 (0)1 49 08 24 38 - email : <a href="mailto:acomont@adm.estp.fr">acomont@adm.estp.fr</a>	69185.htm	267
Univerité Paris-Est Créteil Val de Marne - Gaspard Dussort : tél. : +33 (0)1 64 13 43 56 - email : <a href="mailto:dussort@u-pec.fr">dussort@u-pec.fr</a> - www.iutsf.com	67945.htm	262
E-tribArt Institut - <a href="http://www.e-tribart.fr">http://www.e-tribart.fr</a>	73437.htm	282
- CNES :<br />* Alain Delrieu : tél. : +33 (0)1 44 76 74 04 - email : <a href="mailto:alain.delrieu@cnes.fr">alain.delrieu@cnes.fr</a><br />* Pascale Bresson : tél. : +33 (0)1 44 76 75 39 - email : <a href="mailto:pascale.bresson@cnes.fr">pascale.bresson@cnes.fr</a>	71836.htm	276
EyeBrain - <a href="http://www.eye-brain.com">http://www.eye-brain.com</a> - <a href="http://www.eyebrainpedia.com">http://www.eyebrainpedia.com</a>	71841.htm	276
INRA/Nancy - Francis Martin : tél. : +33 (0)3 83 39 40 80 - email : <a href="mailto:fmartin@nancy.inra.fr">fmartin@nancy.inra.fr</a>	71837.htm	276
CEN Expérimental - François-André Allaert - email : <a href="mailto:allaert@cenbiotech.com">allaert@cenbiotech.com</a>	67798.htm	261
INSERM - Emmanuel Lagarde : tél. : +33 (0)5 57 57 15 04 - email : <a href="mailto:emmanuel.lagarde@isped.u-bordeaux2.fr">emmanuel.lagarde@isped.u-bordeaux2.fr</a>	67801.htm	261
CEA/Saclay - Nicolas Gilles - email : <a href="mailto:Nicolas.GILLES@cea.fr">Nicolas.GILLES@cea.fr</a>	72115.htm	277
Datar : <a href="http://territoires2040.datar.gouv.fr">http://territoires2040.datar.gouv.fr</a>	69535.htm	268
Foulon-Sopagly - Richard Payraud - email : <a href="mailto:rpayraud@foulon-sopagly.fr">rpayraud@foulon-sopagly.fr</a>	74169.htm	285
Thésame - Sandra Cheriti, responsable du Programme Innovation PME : tél. : +33 (0)4 50 33 58 21 - email : <a href="mailto:sc@thesame-innovation.com">sc@thesame-innovation.com</a> - <a href="http://www.thesame-innovation.com">http://www.thesame-innovation.com</a>	72395.htm	278
Delair Tech - Michaël de Lagarde - email : <a href="mailto:michael.delagarde@delair-tech.com">michael.delagarde@delair-tech.com</a>	74450.htm	286
ESIEE - Christine Cévaër : tél. : +33 (0)1 45 92 65 92 - email : <a href="mailto:c.cevaer@esiee.fr">c.cevaer@esiee.fr</a>	70168.htm	270
ENS Lyon - Cyrille Monnereau : tél. : +33 [4] 72 72 88 61 email : <a href="mailto:cyrille.monnereau@ens-lyon.fr">cyrille.monnereau@ens-lyon.fr</a>	73189.htm	281
PathoQuest - <a href="http://www.pathoquest.com">http://www.pathoquest.com</a>	73686.htm	283
- CEA - Pôle Maîtrise des Risques - Edwige Bonnevie - email : <a href="mailto:edwige.bonnevie@cea.fr">edwige.bonnevie@cea.fr</a><br />- Pour télécharger le bilan Maîtrise des Risques 2011 : <a href="http://www.cea.fr/le_cea/publications/rapports_annuels2">http://www.cea.fr/le_cea/publications/rapports_annuels2</a>	70915.htm	273
AgroSup Dijon - Philippe Besnard - email : <a href="mailto:p.besnard@agrosupdijon.fr">p.besnard@agrosupdijon.fr</a>	72631.htm	279
NAUSICAA - <a href="http://www.nausicaa.fr">http://www.nausicaa.fr</a>	70164.htm	270
- Sunaero - Thierry Regond - tél. : 33 (0)4 72 08 12 12 - email : <a href="mailto:tregond@sunaero.com">tregond@sunaero.com</a> - <a href="http://www.sunaero.com">http://www.sunaero.com</a><br />- A lire également :<br />* 'Sunaero, la PME lyonnaise, s'implante en Asie avec Aerokwai', BE France 276 (21/12/2012) : <a href="http://www.bulletins-electroniques.com/actualites/71840.htm">http://www.bulletins-electroniques.com/actualites/71840.htm</a><br />* 'SUNAERO, une PME française qui exporte sa technologie outre-Atlantique', BE France 230 (30/07/2009) : <a href="http://www.bulletins-electroniques.com/actualites/60160.htm">http://www.bulletins-electroniques.com/actualites/60160.htm</a>	74167.htm	285
Toulouse Space Show 2012 - <a href="http://www.toulousespaceshow.eu">http://www.toulousespaceshow.eu</a>	70170.htm	270
INRA/Rennes - Philippe Leterme - tél. : + 33 (0)2 23 48 54 74 - email : <a href="mailto:philippe.leterme@agrocampus-ouest.fr">philippe.leterme@agrocampus-ouest.fr</a>	69538.htm	268
GEOSUD - <a href="http://geosud.teledetection.fr">http://geosud.teledetection.fr</a>	68275.htm	263
